id,text,image,created_at,updated_at,day
18,qqqqq,,2018-12-10 12:38:07.071978,2018-12-10 12:38:07.071978,1111
19,来月,,2018-11-18 08:06:52.728771,2018-11-18 08:06:52.728771,9999
20,元日、, ,2018-11-18 08:06:52.728771,2018-11-18 08:06:52.728771,0101
21,初夢の日、月ロケットの日、,　,2018-11-18 08:06:52.728771,2018-11-18 08:06:52.728771,0102
22,瞳の日、くるみパンの日、駆け落ちの日、, ,2018-11-18 08:06:52.728771,2018-11-18 08:06:52.728771,0103
23,石の日、みたらし団子の日、シュレディンガー命日、,　,2018-11-18 08:06:52.728771,2018-11-18 08:06:52.728771,0104
24,遺言の日、苺の日、囲碁の日、シンデレラの日、,"　
",2018-11-18 08:06:52.728771,2018-11-18 08:06:52.728771,0105
25,色の日、ケーキの日、手巻きロールケーキの日、メロンの日、枕の日、,　,2018-11-18 08:06:52.728771,2018-11-18 08:06:52.728771,0106
26,七草の日、爪切りの日、千円札の日、銀の日、消救車の日、生パスタの日、,　,2018-11-18 08:06:52.728771,2018-11-18 08:06:52.728771,0107
27,test4, ,2018-11-18 08:06:52.728771,2018-11-18 08:06:52.728771,0217
28,test2, ,2018-11-18 08:06:52.728771,2018-11-18 08:06:52.728771,0218
29,test5, ,2018-11-18 08:06:52.728771,2018-11-18 08:06:52.728771,0223
30,test6, ,2018-11-18 08:06:52.728771,2018-11-18 08:06:52.728771,0316
31,test7, ,2018-11-18 08:06:52.728771,2018-11-18 08:06:52.728771,0216
32,test8, ,2018-11-18 08:06:52.728771,2018-11-18 08:06:52.728771,0222
33,test9, ,2018-11-18 08:06:52.728771,2018-11-18 08:06:52.728771,0224
34,test10, ,2018-11-18 08:06:52.728771,2018-11-18 08:06:52.728771,0225
35,test11, ,2018-11-18 08:06:52.728771,2018-11-18 08:06:52.728771,0315
36,test12, ,2018-11-18 08:06:52.728771,2018-11-18 08:06:52.728771,0317
37,test13,  ,2018-11-18 08:06:52.728771,2018-11-18 08:06:52.728771,0318
